Workbook

Sheet Dashboard
B2: Plano de Testes — Pipeline RAG NovaTech
B3: Azure AI Search + LLM · Microsoft Teams + SharePoint · Assistente de atendimento logística
B5: Camada | C5: Total | D5: A fazer | E5: Em andamento | F5: Concluído | G5: Bloqueado | H5: % Concluído
B6: Ingestão | C6: 5 | D6: =COUNTIF('1. Ingestão'!F:F,"A fazer") | E6: =COUNTIF('1. Ingestão'!F:F,"Em andamento") | F6: =COUNTIF('1. Ingestão'!F:F,"Concluído") | G6: =COUNTIF('1. Ingestão'!F:F,"Bloqueado") | H6: =IF(B6=0,0,COUNTIF('1. Ingestão'!F:F,"Concluído")/B6)
B7: Retrieval | C7: 9 | D7: =COUNTIF('2. Retrieval'!F:F,"A fazer") | E7: =COUNTIF('2. Retrieval'!F:F,"Em andamento") | F7: =COUNTIF('2. Retrieval'!F:F,"Concluído") | G7: =COUNTIF('2. Retrieval'!F:F,"Bloqueado") | H7: =IF(B7=0,0,COUNTIF('2. Retrieval'!F:F,"Concluído")/B7)
B8: Geração | C8: 6 | D8: =COUNTIF('3. Geração'!F:F,"A fazer") | E8: =COUNTIF('3. Geração'!F:F,"Em andamento") | F8: =COUNTIF('3. Geração'!F:F,"Concluído") | G8: =COUNTIF('3. Geração'!F:F,"Bloqueado") | H8: =IF(B8=0,0,COUNTIF('3. Geração'!F:F,"Concluído")/B8)
B9: Contexto | C9: 3 | D9: =COUNTIF('4. Contexto'!F:F,"A fazer") | E9: =COUNTIF('4. Contexto'!F:F,"Em andamento") | F9: =COUNTIF('4. Contexto'!F:F,"Concluído") | G9: =COUNTIF('4. Contexto'!F:F,"Bloqueado") | H9: =IF(B9=0,0,COUNTIF('4. Contexto'!F:F,"Concluído")/B9)
B10: E2E | C10: 5 | D10: =COUNTIF('5. E2E'!F:F,"A fazer") | E10: =COUNTIF('5. E2E'!F:F,"Em andamento") | F10: =COUNTIF('5. E2E'!F:F,"Concluído") | G10: =COUNTIF('5. E2E'!F:F,"Bloqueado") | H10: =IF(B10=0,0,COUNTIF('5. E2E'!F:F,"Concluído")/B10)
B11: Regressão | C11: 5 | D11: =COUNTIF('6. Regressão'!F:F,"A fazer") | E11: =COUNTIF('6. Regressão'!F:F,"Em andamento") | F11: =COUNTIF('6. Regressão'!F:F,"Concluído") | G11: =COUNTIF('6. Regressão'!F:F,"Bloqueado") | H11: =IF(B11=0,0,COUNTIF('6. Regressão'!F:F,"Concluído")/B11)
B12: TOTAL | C12: =SUM(C6:C11) | D12: =SUM(D6:D11) | E12: =SUM(E6:E11) | F12: =SUM(F6:F11) | G12: =SUM(G6:G11) | H12: =SUM(H6:H11)
B14: ⚠ IMPORTANTE: Testes de IA são não-determinísticos. Use graus de qualidade (0-3), não pass/fail binário. Temperature=0 reduz variação mas não elimina. Para escala, implemente LLM judge.
B16: 3 ARMADILHAS CRÍTICAS MAPEADAS
B17: 🔴 Armadilha 1 | C17: PROC-042 v1 e v2 retornadas juntas — Azure AI Search não discrimina versões. System prompt deve instruir preferência pela v2. Testes: GEN-002 e RET-005.
B18: 🟠 Armadilha 2 | C18: FAQ como fonte primária — FAQ-Atendimento não tem responsável nem validação de Compliance. System prompt deve implementar hierarquia de fontes. Teste: GEN-005.
B19: 🟡 Armadilha 3 | C19: Gap silencioso no frete padrão (<500kg) — 320 chamados/dia. Sem documento na base, LLM pode extrapolar a fórmula de frete especial indevidamente. Testes: GEN-003 e E2E-004.
B21: QUANDO EXECUTAR CADA CAMADA
B22: Gatilho | C22: Ingestão | D22: Retrieval | E22: Geração | F22: Contexto | G22: E2E | H22: Regressão
B23: A cada PR | C23: — | D23: ✅ Obrigatório | E23: ⚡ 5 críticos | F23: — | G23: — | H23: ✅ REG-001, REG-002
B24: Novo documento | C24: ✅ Obrigatório | D24: ✅ Obrigatório | E24: — | F24: ⚡ CTX-001 | G24: ✅ Completo | H24: ✅ REG-001
B25: Mudança de prompt | C25: — | D25: — | E25: ✅ Obrigatório | F25: ✅ Obrigatório | G25: ✅ Completo | H25: ✅ REG-002
B26: Atualização de modelo | C26: ✅ Todos | D26: ✅ Todos | E26: ✅ Todos | F26: ✅ Todos | G26: ✅ Todos | H26: ✅ + Baseline
B27: Semanal (CI) | C27: — | D27: ✅ Completo | E27: ⚡ Críticos | F27: — | G27: ✅ Completo | H27: ✅ REG-004

Sheet 1. Ingestão
A1: 1. Ingestão
A2: Preencha Status e Responsável. Copie evidências no último campo. Não altere a coluna ID.
A3: # | B3: ID | C3: Nome do Teste | D3: Prioridade | E3: Gatilho de Execução | F3: Status | G3: Responsável | H3: Risco | I3: Passo a Passo | J3: Evidência / Observações
A4: 1 | B4: INS-001 | C4: Inventário de documentos | D4: Alta | E4: Novo documento ingerido | F4: A fazer | H4: 3 fontes sem processo unificado — fácil perder um documento sem perceber. | I4: 1. Executar script de ingestão completo 2. Obter manifesto das 3 fontes (SharePoint, Confluence, pasta de rede) 3. Listar documentos indexados no Azure AI Search 4. Comparar sets: faltando = esperados - indexados 5. Assert: len(faltando) == 0 6. Registrar total de docs indexados no campo Evidência
A5: 2 | B5: INS-002 | C5: Integridade do conteúdo extraído | D5: Alta | E5: Novo documento ingerido | F5: A fazer | H5: Conversores Word→texto perdem tabelas (ex: multiplicadores regionais PROC-042). | I5: 1. Selecionar arquivo POL-001-politica-devolucao.md 2. Executar extrator de texto do pipeline 3. Verificar presença de '7 (sete) dias úteis' no texto extraído 4. Verificar presença de 'ramal 4500' 5. Verificar presença de 'Gestão de Riscos' 6. Verificar len(texto) > 2000 chars 7. Repetir para PROC-042 (verificar tabela de multiplicadores intacta) 8. Capturar screenshot ou log como evidência
A6: 3 | B6: INS-003 | C6: Chunking — sem quebra de tabela SLA | D6: Média | E6: Novo documento ingerido | F6: A fazer | H6: Chunk parcial da tabela de SLA retorna resposta incompleta sobre cliente Gold. | I6: 1. Executar chunkização do arquivo SLA-2024-tabela-sla-clientes.md 2. Localizar chunk que contém 'Gold' 3. Verificar que o mesmo chunk contém '2h úteis' (SLA de resposta) 4. Verificar que o mesmo chunk contém '24h úteis' (SLA de resolução) 5. Se falhar: ajustar estratégia de chunking (overlap ou chunk por seção) 6. Registrar tamanho médio de chunk como evidência
A7: 4 | B7: INS-004 | C7: Versionamento PROC-042 v1 vs v2 | D7: Alta | E7: Sempre (PR + novo doc) | F7: A fazer | H7: PROC-042 existe em 2 versões sem marcação de obsolescência. Mistura gera cálculos errados. | I7: 1. Buscar chunks com source='PROC-042-frete-especial-v1' 2. Buscar chunks com source='PROC-042-v2-frete-especial-revisado' 3. Assert: ambos os conjuntos têm len > 0 4. Localizar chunk com 'Norte' na v1 → verificar '1.6' 5. Localizar chunk com 'Norte' na v2 → verificar '1.8' 6. Verificar que source_v1 != source_v2 7. Registrar IDs dos chunks como evidência
A8: 5 | B8: INS-005 | C8: Metadata obrigatória em todos os chunks | D8: Alta | E8: Sempre (PR) | F8: A fazer | H8: Sem metadata, citação de fonte na resposta não funciona. | I8: 1. Listar todos os chunks do índice Azure AI Search 2. Para cada chunk, verificar campos: source_document, version, last_updated, doc_type 3. doc_type deve ser um de: POL, PROC, SLA, FAQ 4. Assert: nenhum campo ausente ou nulo 5. Registrar total de chunks verificados e % com metadata completa

Sheet 2. Retrieval
A1: 2. Retrieval
A2: Preencha Status e Responsável. Copie evidências no último campo. Não altere a coluna ID.
A3: # | B3: ID | C3: Nome do Teste | D3: Prioridade | E3: Gatilho de Execução | F3: Status | G3: Responsável | H3: Risco | I3: Passo a Passo | J3: Evidência / Observações
A4: 1 | B4: RET-001 | C4: Devolução — prazo padrão | D4: Alta | E4: Sempre (PR) | F4: A fazer | H4: Base de todas as respostas de devolução. | I4: 1. Executar query: 'Qual o prazo para solicitar devolução de mercadoria?' 2. Parâmetros: topK=5 3. Extrair IDs dos chunks retornados 4. Assert: 'POL-001-A' está entre os top-5 5. Assert: 'POL-001-B' está entre os top-5 6. Registrar scores de relevância como evidência
A5: 2 | B5: RET-002 | C5: Devolução — carga perigosa | D5: Alta | E5: Sempre (PR) | F5: A fazer | H5: FAQ como fonte primária pode induzir autorização indevida de devolução de carga perigosa. | I5: 1. Executar query: 'Posso devolver carga perigosa pelo processo padrão?' 2. Parâmetros: topK=5 3. Assert: 'POL-001-B' está no top-5 4. Verificar: 'POL-001-B' tem rank maior (mais relevante) que qualquer chunk de FAQ 5. Registrar posição do POL-001-B no ranking
A6: 3 | B6: RET-003 | C6: SLA — cliente Gold, incidente crítico | D6: Alta | E6: Sempre (PR) | F6: A fazer | H6: SLA errado em incidente crítico gera violação contratual. | I6: 1. Executar query: 'Qual o SLA de resposta para cliente Gold em incidente crítico?' 2. Assert: 'SLA-2024-C' no top-5 3. Assert: 'SLA-2024-A' no top-5 4. Registrar os 5 chunks retornados com scores
A7: 4 | B7: RET-004 | C7: SLA — tier inexistente (Platinum) | D7: Média | E7: Sempre (PR) | F7: A fazer | H7: Sem o chunk correto, LLM pode inventar SLA para tier inexistente. | I7: 1. Executar query: 'Qual o SLA do cliente Platinum?' 2. Assert: 'SLA-2024-A' está no top-5 (contém 'não existem outros tiers') 3. Verificar que o chunk recuperado menciona explicitamente a ausência do tier Platinum
A8: 5 | B8: RET-005 | C8: Frete especial — PROC-042 versão correta | D8: Alta | E8: Sempre (PR) | F8: A fazer | H8: Azure AI Search não discrimina versões — pode retornar v1 ou ambas. | I8: 1. Executar query: 'Calcule o frete para 800kg com destino a Manaus' 2. Assert: 'PROC-042v2-A' no top-5 3. Assert: 'PROC-042v2-B' no top-5 4. Se 'PROC-042-A' (v1) aparecer, verificar que 'PROC-042v2-B' também está presente 5. Registrar se v1 apareceu junto com v2 (comportamento esperado mas a monitorar)
A9: 6 | B9: RET-006 | C9: Gap — frete padrão <500kg | D9: Alta | E9: Sempre (PR) | F9: A fazer | H9: Gap silencioso: 320 chamados/dia sem documentação cobrindo esse caso. | I9: 1. Executar query: 'Frete para 300kg para Salvador' 2. Verificar que nenhum chunk específico de frete padrão <500kg é retornado 3. Documentar quais chunks são retornados (provavelmente PROC-042 por proximidade semântica) 4. Esse resultado alimenta o teste GEN-003 (comportamento do LLM sem contexto válido)
A10: 7 | B10: RET-007 | C10: SLA — penalidades por violação | D10: Média | E10: Sempre (PR) | F10: A fazer | H10: Penalidades ausentes geram subnotificação de violações contratuais. | I10: 1. Executar query: 'Quais são as penalidades por violação de SLA?' 2. Assert: 'SLA-2024-E' no top-5 3. Registrar score de relevância do SLA-2024-E
A11: 8 | B11: RET-008 | C11: Multi-domínio (multi-hop) | D11: Alta | E11: Sempre (PR) | F11: A fazer | H11: Falha multi-hop é a causa mais comum de respostas incompletas em RAG com regras cruzadas. | I11: 1. Executar query: 'Prazo de devolução para carga perigosa com frete especial acima de 1000kg' 2. Assert: todos estes chunks no top-5: POL-001-A, POL-001-B, PROC-042v2-A, PROC-042v2-B 3. Se falhar: aumentar topK para 8 e verificar se os 4 chunks aparecem 4. Registrar topK mínimo necessário para cobrir todos os chunks esperados
A12: 9 | B12: RET-009 | C12: Recall@5 geral ≥ 80% | D12: Alta | E12: Sempre (PR) + Semanal (CI) | F12: A fazer | H12: Recall < 80% indica degradação estrutural do índice ou embedding model. | I12: 1. Executar todas as queries do golden dataset (RET-001 a RET-008) com topK=5 2. Para cada par: contar chunks esperados presentes no top-5 (hits) 3. Recall@5 = hits / total_esperados 4. Assert: Recall@5 > 0.80 5. Logar resultado: 'Recall@5: X.X%' 6. Comparar com baseline anterior. Alertar se regrediu > 5%

Sheet 3. Geração
A1: 3. Geração
A2: Preencha Status e Responsável. Copie evidências no último campo. Não altere a coluna ID.
A3: # | B3: ID | C3: Nome do Teste | D3: Prioridade | E3: Gatilho de Execução | F3: Status | G3: Responsável | H3: Risco | I3: Passo a Passo | J3: Evidência / Observações
A4: 1 | B4: GEN-001 | C4: Não autoriza devolução de carga perigosa | D4: Alta | E4: Sempre (PR) + Mudança de prompt | F4: A fazer | H4: Inversão de regra crítica de segurança. Potencial responsabilidade legal. | I4: 1. Injetar manualmente chunk CHUNK_POL001_B no contexto (NÃO usar retrieval aqui) 2. Chamar LLM com temperature=0, pergunta: 'Posso devolver carga perigosa?' 3. Assert negativo: resposta NÃO contém 'pode devolver.*processo padrão' 4. Assert negativo: resposta NÃO contém 'sim.*devolver.*carga perigosa' 5. Assert positivo: resposta contém 'ramal 4500' OU 'Gestão de Riscos' 6. Assert positivo: resposta contém 'não.*processo padrão' OU 'tratamento especial' 7. Executar 3x para verificar consistência com temperature=0
A5: 2 | B5: GEN-002 | C5: Usa multiplicadores v2 com ambas versões no contexto | D5: Alta | E5: Sempre (PR) + Mudança de prompt | F5: A fazer | H5: Pipeline retorna v1 + v2 — LLM deve priorizar v2 conforme instruído no system prompt. | I5: 1. Injetar AMBOS: CHUNK_PROC042_B_V1 e CHUNK_PROC042V2_B no contexto 2. Chamar LLM com temperature=0, pergunta: 'Qual o multiplicador para região Norte?' 3. Assert positivo: resposta contém '1.8' (Norte v2) 4. Assert negativo: resposta NÃO contém '1.6' (Norte v1) 5. Verificar que resposta indica a versão usada (ex: 'conforme PROC-042 v2') 6. Executar 3x para verificar consistência
A6: 3 | B6: GEN-003 | C6: Reconhece gap de documentação | D6: Alta | E6: Sempre (PR) + Mudança de prompt | F6: A fazer | H6: Gap silencioso: LLM pode extrapolar fórmula de frete especial para casos fora do escopo. | I6: 1. Injetar contexto VAZIO (chunks=[]) — não há documento para frete padrão <500kg 2. Chamar LLM com temperature=0, pergunta: 'Qual o frete para 300kg para São Paulo?' 3. Assert positivo: resposta contém 'não encontrei' OU 'não está na documentação' OU 'consulte' 4. Assert negativo: resposta NÃO contém padrão monetário (R$ + dígitos) 5. Verificar que NÃO aplicou fórmula de frete especial indevidamente
A7: 4 | B7: GEN-004 | C7: Não inventa SLA para tier inexistente | D7: Alta | E7: Sempre (PR) + Mudança de prompt | F7: A fazer | H7: Alucinação de tier gera expectativa falsa com cliente — violação contratual. | I7: 1. Injetar chunk CHUNK_SLA2024_A no contexto 2. Chamar LLM com temperature=0, pergunta: 'Qual o SLA do cliente Platinum?' 3. Assert positivo: resposta contém 'não existe' OU 'não há.*Platinum' OU 'apenas.*Gold.*Silver.*Standard' 4. Assert negativo: resposta NÃO contém padrão 'Platinum.*Nh' (número de horas)
A8: 5 | B8: GEN-005 | C8: Sinaliza fonte informal (FAQ) | D8: Média | E8: Mudança de prompt | F8: A fazer | H8: FAQ sem responsável/validação não deve ter mesma confiança que POL/PROC. | I8: 1. Injetar chunk CHUNK_FAQ_32 no contexto 2. Chamar LLM com temperature=0, pergunta: 'Posso enviar carga perigosa com frete expresso?' 3. Assert: resposta contém 'FAQ' OU 'orientação informal' OU 'confirme com' OU 'verifique com Compliance' 4. Verificar que a resposta NÃO afirma com certeza — deve sinalizar necessidade de confirmação 5. Documentar no campo Evidência o trecho da resposta que demonstra o sinal de incerteza
A9: 6 | B9: GEN-006 | C9: Cálculo correto de frete especial v2 | D9: Alta | E9: Mudança de prompt + Novo doc | F9: A fazer | H9: Cálculo errado gera prejuízo financeiro. Fórmula tem 3 parâmetros que podem ser confundidos. | I9: 1. Injetar CHUNK_PROC042V2_A e CHUNK_PROC042V2_B no contexto 2. Chamar LLM com temperature=0 3. Pergunta: 'Frete especial para 1.500kg para o Nordeste, valor base R$1.000' 4. Fórmula esperada: 1000 × 1.5 (Nordeste) × 1.15 (1001-3000kg) = R$ 1.725,00 5. Assert: resposta contém '1.725' OU '1725' 6. Assert: resposta contém '1.5' (multiplicador Nordeste) 7. Assert: resposta contém '1.15' (fator de peso) 8. Verificar que os 3 componentes do cálculo estão explicitados

Sheet 4. Contexto
A1: 4. Contexto
A2: Preencha Status e Responsável. Copie evidências no último campo. Não altere a coluna ID.
A3: # | B3: ID | C3: Nome do Teste | D3: Prioridade | E3: Gatilho de Execução | F3: Status | G3: Responsável | H3: Risco | I3: Passo a Passo | J3: Evidência / Observações
A4: 1 | B4: CTX-001 | C4: Orçamento de tokens ≤ 80% do context window | D4: Alta | E4: Mudança de prompt + Novo doc | F4: A fazer | H4: Acima de 80%, resposta pode ser truncada e LLM prioriza fim do contexto (lost in the middle). | I4: 1. Usar a pergunta mais complexa: 'Prazo de devolução para carga perigosa com frete especial acima de 1000kg' 2. Recuperar top-5 chunks via Azure AI Search 3. Carregar system prompt atual 4. Gerar histórico simulado de 10 turnos de conversa 5. Montar contexto completo: system_prompt + histórico + chunks + pergunta 6. Tokenizar com tiktoken (cl100k_base ou modelo equivalente) 7. MAX = 128_000 * 0.80 = 102.400 tokens 8. Assert: tokens < 102.400 9. Logar: 'Tokens usados: X / 102400 (X.X%)'
A5: 2 | B5: CTX-002 | C5: Lost in the middle — info crítica no centro | D5: Alta | E5: Mudança de prompt | F5: A fazer | H5: Fenômeno documentado: LLMs ignoram info no centro do contexto com maior frequência. | I5: 1. Montar contexto com exatamente 5 chunks nesta ordem: [IRRELEVANTE_1, IRRELEVANTE_2, POL001_B, IRRELEVANTE_3, IRRELEVANTE_4] 2. POL001_B deve estar na posição central (índice 2 de 5) 3. Chamar LLM: 'Posso devolver carga perigosa normalmente?' 4. Assert: resposta contém 'não.*processo padrão' OU 'ramal 4500' OU 'Gestão de Riscos' 5. Se falhar: reordenar chunks (críticos no início e fim) e registrar a solução adotada
A6: 3 | B6: CTX-003 | C6: Sem degradação com histórico longo (Teams) | D6: Média | E6: Mudança de prompt | F6: A fazer | H6: Conversas Teams podem durar 30+ min. Histórico longo comprime espaço para chunks. | I6: 1. Pergunta teste: 'Qual o prazo de devolução?' 2. Executar SEM histórico: contexto = [CHUNK_POL001_A] + pergunta 3. Assert: resposta_sem_hist contém '7 dias úteis' 4. Gerar histórico fictício de 20 turnos (perguntas e respostas genéricas sobre logística) 5. Executar COM histórico: contexto = histórico_20_turnos + [CHUNK_POL001_A] + pergunta 6. Assert: resposta_com_hist contém '7 dias úteis' 7. Se falhar: implementar summarização de histórico e re-testar

Sheet 5. E2E
A1: 5. E2E
A2: Preencha Status e Responsável. Copie evidências no último campo. Não altere a coluna ID.
A3: # | B3: ID | C3: Nome do Teste | D3: Prioridade | E3: Gatilho de Execução | F3: Status | G3: Responsável | H3: Risco | I3: Passo a Passo | J3: Evidência / Observações
A4: 1 | B4: E2E-001 | C4: Devolução — resposta direta | D4: Alta | E4: Novo doc + Semanal | F4: A fazer | H4: Caso mais frequente. Regressão aqui é percebida imediatamente pelos atendentes. | I4: 1. Executar pipeline completo: pergunta → retrieval → geração 2. Pergunta: 'Qual o prazo para pedir devolução?' 3. Assert: resposta contém '7 dias úteis' 4. Assert: resposta contém 'dias úteis após' 5. Assert: resposta referencia 'POL-001' 6. Avaliar com LLM judge (factualidade + completude + citação) — score mínimo 2/3 cada 7. Registrar resposta completa como evidência
A5: 2 | B5: E2E-002 | C5: Incidente crítico Gold (multi-regra) | D5: Alta | E5: Novo doc + Semanal | F5: A fazer | H5: Requer cruzar 2 regras. Falha = violação contratual com cliente Gold. | I5: 1. Executar pipeline completo 2. Pergunta: 'Um cliente Gold está com carga de R$150.000 sem localização há 7 horas. Como devo tratar?' 3. Assert: resposta reconhece 'incidente crítico' (carga >R$100k + >6h sem status) 4. Assert: resposta contém '30 min' (SLA de resposta Gold p/ incidente crítico) 5. Assert: resposta contém '4h' (SLA de resolução) 6. Assert negativo: resposta NÃO contém '2h' ou '24h' (SLAs de chamado normal) 7. Assert: referencia 'SLA-2024' 8. Avaliar com LLM judge — score mínimo 2/3 em todos os critérios
A6: 3 | B6: E2E-003 | C6: Desconto por volume PROC-042 v2 | D6: Média | E6: Novo doc + Semanal | F6: A fazer | H6: Desconto ausente = prejuízo comercial. Desconto indevido = prejuízo financeiro. | I6: 1. Executar pipeline completo 2. Pergunta: 'Nosso cliente tem 10 fretes especiais por mês para o Centro-Oeste. Tem desconto?' 3. Regra: 10 fretes ≥ 8 → desconto de 5% sobre multiplicador regional (PROC-042 v2) 4. Assert: resposta contém '5%' 5. Assert: resposta contém 'desconto' 6. Assert: resposta contém 'multiplicador' 7. Assert: referencia 'PROC-042' 8. Registrar resposta e classificação do LLM judge
A7: 4 | B7: E2E-004 | C7: Gap documentação — frete padrão | D7: Alta | E7: Sempre (PR) | F7: A fazer | H7: Gap silencioso. Extrapolação da fórmula de frete especial para casos fora do escopo. | I7: 1. Executar pipeline completo 2. Pergunta: 'Qual o frete para 200kg para Recife?' 3. Assert: resposta contém 'não encontrei' OU 'documentação' OU 'consulte' 4. Assert negativo: resposta NÃO contém padrão 'R$\s*\d+' 5. Assert negativo: resposta NÃO contém 'multiplicador' 6. Verificar que o assistente não extrapolou a fórmula de frete especial
A8: 5 | B8: E2E-005 | C8: Conflito de versão — multiplicador Sudeste | D8: Alta | E8: Sempre (PR) | F8: A fazer | H8: Única situação onde conflito real na doc é o comportamento esperado. LLM não pode escolher silenciosamente. | I8: 1. Executar pipeline completo 2. Pergunta: 'Qual o multiplicador para o Sudeste no frete especial?' 3. Contexto: v1 diz 1.0, v2 diz 1.1 — contradição real na documentação 4. Assert: resposta contém '1.1' (v2) 5. Assert: resposta contém 'novembro/2023' OU 'versão' (indica qual usar) 6. Assert: referencia 'PROC-042' 7. Verificar que a resposta NÃO escolhe silenciosamente um valor sem explicar o conflito

Sheet 6. Regressão
A1: 6. Regressão
A2: Preencha Status e Responsável. Copie evidências no último campo. Não altere a coluna ID.
A3: # | B3: ID | C3: Nome do Teste | D3: Prioridade | E3: Gatilho de Execução | F3: Status | G3: Responsável | H3: Risco | I3: Passo a Passo | J3: Evidência / Observações
A4: 1 | B4: REG-001 | C4: Atualização de doc não piora Recall@5 | D4: Alta | E4: Novo documento + PR | F4: A fazer | H4: Novo documento pode conflitar com chunks existentes e derrubar recall de perguntas anteriores. | I4: 1. Carregar baseline salvo anteriormente (arquivo baseline-[timestamp].json) 2. Calcular Recall@5 atual executando todo o golden dataset 3. baseline_recall = baseline['recall5'] 4. Assert: recall_atual > baseline_recall * 0.95 (tolerância de 5%) 5. Se recall_atual < baseline_recall: logar 'REGRESSÃO: {baseline:.2f} → {atual:.2f}' 6. Registrar recall atual para atualização de baseline
A5: 2 | B5: REG-002 | C5: Mudança de prompt não inverte casos críticos | D5: Alta | E5: Mudança de prompt | F5: A fazer | H5: Ajuste de tom/formatação pode inadvertidamente alterar comportamento em casos críticos. | I5: 1. Filtrar casos de segurança: E2E-004 (gap_documentacao) + todos com 'perigosa' 2. Executar pipeline completo para cada caso 3. Para cada caso, verificar que nenhum item de naoDeveConter aparece na resposta 4. Casos críticos de segurança DEVEM sempre passar, independente de mudanças de prompt 5. São os 'testes invioláveis' — falha aqui bloqueia merge
A6: 3 | B6: REG-003 | C6: Captura de baseline após mudança de modelo | D6: Alta | E6: Atualização de modelo | F6: A fazer | H6: Sem baseline atualizado, comparações futuras ficam contra versão antiga. | I6: 1. Executar script: npm run capture-baseline (ou equivalente) 2. Para cada caso do golden dataset: executar pipeline e salvar resposta 3. Salvar arquivo: baseline-{timestamp}.json com campos: id, pergunta, resposta, timestamp, model_version, promptHash 4. Commitar baseline no repositório (ou armazenar em blob storage) 5. Registrar model_version e promptHash no campo Evidência
A7: 4 | B7: REG-004 | C7: CI schedule semanal — detectar model drift | D7: Média | E7: Semanal (automático) | F7: A fazer | H7: Provedores atualizam modelos silenciosamente. Drift pode degradar retrieval/geração gradualmente. | I7: 1. Verificar que cron 'every monday 06h' está ativo no CI 2. O job deve executar: RET-* (retrieval completo) + GEN casos críticos (GEN-001 a GEN-004) 3. Comparar com último baseline 4. Se falhar: gerar relatório automático (node scripts/generate-regression-report.js) 5. Notificar time via canal Teams/Slack configurado 6. Registrar data/hora e versão do modelo detectado
A8: 5 | B8: REG-005 | C8: Pipeline CI com gatilhos corretos configurados | D8: Média | E8: Setup inicial | F8: A fazer | H8: CI mal configurado = testes existem mas não rodam = regressão não detectada. | I8: 1. Abrir .github/workflows/rag-regression.yml 2. Verificar gatilho on.push.paths inclui: 'prompts/**', 'ingestion/**', 'documents/**' 3. Verificar cron: '0 6 * * 1' (toda segunda às 06h) 4. Verificar jobs: checkout → npm ci → npm test (retrieval + regressão) → compare-baseline 5. Verificar step condicional de relatório em caso de falha (if: failure()) 6. Fazer push de teste em um dos paths monitorados e verificar que o workflow dispara

Sheet Glossário
B1: Glossário — Conceitos RAG & Testes de IA
B2: Termo | C2: Definição
B3: RAG (Retrieval-Augmented Generation) | C3: Arquitetura onde o LLM recebe contexto recuperado de uma base de documentos antes de gerar a resposta. O pipeline tem 3 camadas independentes: ingestão, retrieval e geração.
B4: Recall@k | C4: % dos chunks relevantes que aparecem entre os k primeiros resultados do retrieval. Ex: Recall@5=80% significa que 80% dos chunks esperados aparecem no top-5.
B5: Golden Dataset | C5: Conjunto de pares (pergunta → chunks esperados) criado manualmente, usado como referência para medir qualidade do retrieval.
B6: LLM Judge | C6: Segundo modelo de linguagem usado para avaliar as respostas do primeiro. Usa critérios estruturados (0-3) para medir factualidade, completude, segurança e citação.
B7: Lost in the Middle | C7: Fenômeno documentado: LLMs tendem a usar melhor informações no início e fim do contexto, esquecendo o que está no meio.
B8: Context Rot | C8: Degradação progressiva da qualidade das respostas conforme o histórico de conversa cresce e ocupa mais espaço do context window.
B9: Orçamento de Tokens | C9: Gestão do espaço disponível no context window. Regra prática: deixar 20% livre para a resposta (não usar mais de 80% do limite).
B10: Model Drift | C10: Mudança silenciosa no comportamento do modelo ao longo do tempo, mesmo sem alterações no código. Provedores como Azure OpenAI atualizam modelos sem aviso.
B11: Baseline | C11: Snapshot do desempenho do sistema em um momento específico. Usado para detectar regressão após mudanças.
B12: Flaky Test | C12: Teste que ora passa ora falha sem mudança de código — comum em testes de LLM por não-determinismo. Mitigar com temperature=0.
B13: Context Window | C13: Limite máximo de tokens que o modelo consegue processar de uma vez. Ex: GPT-4o tem 128k tokens ≈ ~96k palavras.
... B16: Temperature | C16: Parâmetro do LLM que controla aleatoriedade (0 = determinístico, 1 = criativo). Use temperature=0 em testes para reduzir flakiness.
